venue,country,city,lat,lon,names
Adelaide Oval,Australia,Adelaide,-34.9155596,138.5962772,"Adelaide Oval; Adelaide Oval, Adelaide"
Affies Park,Namibia,Windhoek,-22.59206471,17.07013418,Affies Park
Al Amerat Cricket Ground Oman Cricket,Oman,Al Amarat,23.48907356,58.49370255,"Al Amerat Cricket Ground Oman Cricket (Ministry Turf 1); Al Amerat Cricket Ground Oman Cricket (Ministry Turf 2); Al Amerat Cricket Ground Oman Cricket; Al Amerat Cricket Ground Oman Cricket, Al Amarat"
Allan Border Field,Australia,Brisbane,-27.4351989,153.0462885,"Allan Border Field; Allan Border Field, Brisbane"
AMI Stadium,New Zealand,Christchurch,-43.5437826,172.6040684,"AMI Stadium; AMI Stadium, Christchurch"
Amini Park,Papua New Guinea,Port Moresby,-9.4733843,147.2016264,"Amini Park, Port Moresby; Amini Park"
ACA-VDCA Stadium,India,Visakhapatnam,17.79768311,83.35229751,"Andhra Cricket Association-Visakhapatnam District Cricket Association Stadium; ACA-VDCA Stadium; Dr. Y.S. Rajasekhara Reddy ACA-VDCA Cricket Stadium; Dr. Y.S. Rajasekhara Reddy ACA-VDCA Cricket Stadium, Visakhapatnam"
Antigua Recreation Ground,Antigua and Barbuda,Antigua,17.122408,-61.8390534,"Antigua Recreation Ground, St John's; Antigua Recreation Ground; Antigua Recreation Ground, Antigua; Antigua Recreation Ground, St John's, Antigua; Antigua Recreation Ground, St John's, St John's"
Arbab Niaz Stadium,Pakistan,Peshawar,34.0217859,71.578275,Arbab Niaz Stadium
"Arnos Vale Ground, Kingstown",Saint Vincent and the Grenadines,St Vincent,13.1420224,61.21180579,"Arnos Vale Ground, Kingstown; Arnos Vale Ground, Kingstown, St Vincent; Arnos Vale Ground; Arnos Vale Ground, Kingstown, Kingstown; Arnos Vale Ground, St Vincent"
Bangabandhu National Stadium,Bangladesh,Dhaka,23.72798232,90.41312391,"Bangabandhu National Stadium; Bangabandhu National Stadium, Dhaka"
Barabati Stadium,India,Cuttack,20.4807043,85.8685254,"Barabati Stadium; Barabati Stadium, Cuttack"
Barsapara Cricket Stadium,India,Guwahati,26.14548108,91.73648389,"Barsapara Cricket Stadium; Barsapara Cricket Stadium, Guwahati"
"Basin Reserve, Wellington",New Zealand,Wellington,-41.3003599,174.7802545,"Basin Reserve; Basin Reserve, Wellington"
Bay Oval,New Zealand,Mount Maunganui,-37.6528558,176.1907126,"Bay Oval; Bay Oval, Mount Maunganui"
"Beausejour Stadium, Gros Islet",Saint Lucia,St Lucia,14.0692122,-60.9317208,"Beausejour Stadium, Gros Islet; Beausejour Stadium; Beausejour Stadium, St Lucia"
Bellerive Oval,Australia,Hobart,-42.8772952,147.3736444,"Bellerive Oval; Bellerive Oval, Hobart"
Bert Sutcliffe Oval,New Zealand,Lincoln,-43.6466978,172.4627293,Bert Sutcliffe Oval
Ekana Cricket Stadium,India,Lucknow,26.8112572,81.0167842,"Bharat Ratna Shri Atal Bihari Vajpayee Ekana Cricket Stadium; Bharat Ratna Shri Atal Bihari Vajpayee Ekana Cricket Stadium, Lucknow; Bharat Ratna Shri Atal Bihari Vajpai Ekana Cricket Stadium; Ekana Cricket Stadium"
Boland Park,South Africa,Paarl,-33.7406522,18.9974819,"Boland Park; Boland Park, Paarl; Boland Bank Park; Boland Bank Park, Paarl"
Brabourne Stadium,India,Mumbai,18.9319276,72.8249626,"Brabourne Stadium; Brabourne Stadium, Mumbai; Brabourne Stadium, Bombay"
Bradman Oval,Australia,Bowral,-34.4821817,150.425052,"Bradman Oval; Bradman Oval, Bowral"
Bready Cricket Club,United Kingdom,Bready,54.9375197,-7.3818174,"Bready Cricket Club, Magheramason; Bready Cricket Club; Bready Cricket Club, Londonderry; Bready Cricket Club, Bready; Bready Cricket Club, Magheramason, Bready"
"Brian Lara Stadium, Tarouba, Trinidad",Trinidad and Tobago,Tarouba,10.2963216,-61.43113582,"Brian Lara Stadium, Tarouba, Trinidad; Brian Lara Stadium, Tarouba; Brian Lara Stadium; Brian Lara Stadium, Trinidad; Brian Lara Stadium, Tarouba, Tarouba"
The Gabba,Australia,Brisbane,-27.4858851,153.0379847,"Brisbane Cricket Ground; Brisbane Cricket Ground, Woolloongabba; Brisbane Cricket Ground, Woolloongabba, Brisbane; Brisbane Cricket Ground, Brisbane; The Gabba"
Buffalo Park,South Africa,East London,-33.0068371,27.9195264,"Buffalo Park; Buffalo Park, East London"
Bulawayo Athletic Club,Zimbabwe,Bulawayo,-20.1644299,28.5937679,"Bulawayo Athletic Club; Bulawayo Athletic Club, Bulawayo"
Cazalys Stadium,Australia,Cairns,-16.93471146,145.7489994,"Bundaberg Rum Stadium, Cairns; Bundaberg Rum Stadium; Cazalys Stadium; Cazaly's Stadium, Cairns; Cazaly's Stadium"
Cambusdoon New Ground,United Kingdom,Ayr,55.430776,-4.6347686,"Cambusdoon New Ground; Cambusdoon New Ground, Ayr"
Captain Roop Singh Stadium,India,Gwalior,26.2106497,78.1835966,"Captain Roop Singh Stadium; Captain Roop Singh Stadium, Gwalior"
Carisbrook-Dunedin Cricket Club,New Zealand,Dunedin,-45.8957128,170.4844896,Carisbrook; Carisbrook-Dunedin Cricket Club
Castle Avenue,Republic of Ireland,Dublin,53.3627778,-6.2082225,"Castle Avenue; Castle Avenue, Dublin"
Central Broward Regional Park Stadium Turf Ground,United States,Lauderhill,26.14029918,-80.19866978,"Central Broward Regional Park Stadium Turf Ground; Central Broward Regional Park Stadium Turf Ground, Lauderhill"
Chilaw Marians Cricket Club Ground,Sri Lanka,FTZ Sports Complex,7.165947258,79.88923079,"Chilaw Marians Cricket Club Ground; Chilaw Marians Cricket Club Ground, FTZ Sports Complex"
Bir Shrestha Shahid Flight Lieutenant Motiur Rahman Cricket Stadium,Bangladesh,,22.35608892,91.76766823,Chittagong Divisional Stadium; Bir Shrestha Shahid Flight Lieutenant Motiur Rahman Cricket Stadium
Choice Moosa Stadium,United States,Pearland,29.51759107,-95.32556841,"Choice Moosa Stadium, Pearland; Choice Moosa Stadium"
The Oval Cricket Ground,South Africa,Pietermaritzburg,-29.61025462,30.37995618,"City Oval, Pietermaritzburg; City Oval; The Oval Cricket Ground"
Civil Service Cricket Club,United Kingdom,Belfast,54.5970588,-5.834551861,"Civil Service Cricket Club, Stormont; Civil Service Cricket Club, Stormont, Belfast; Civil Service Cricket Club; Civil Service Cricket Club, Belfast"
Clontarf Cricket Club Ground,Republic of Ireland,Dublin,53.36765451,-6.206204477,"Clontarf Cricket Club Ground; Clontarf Cricket Club Ground, Dublin; Clontarf Cricket Club"
Cobham Oval (New),New Zealand,Whangarei,-35.73487523,174.3314772,Cobham Oval (New); Cobham Oval (New) Cricket Ground
Colombo Cricket Club Ground,Sri Lanka,,6.9078403,79.8691422,Colombo Cricket Club Ground
"Coolidge Cricket Ground, Antigua",Antigua and Barbuda,Coolidge,17.1409666,-61.7948025,"Coolidge Cricket Ground, Antigua; Coolidge Cricket Ground; Coolidge Cricket Ground, Coolidge"
County Ground,United Kingdom,Bristol,51.4770612,-2.5843087,"County Ground; County Ground, Derby; County Ground, Bristol; County Ground, Chelmsford; County Ground, Northampton; County Ground, Taunton"
"County Ground, Hove",United Kingdom,Brighton,50.8310035,-0.1635398,"County Ground, Hove; County Ground; County Ground, Brighton"
"County Ground, New Road",United States,Worcester,34.3006353,-84.2512152,"County Ground, New Road; County Ground, New Road, Worcester"
Daren Sammy National Cricket Stadium,Saint Lucia,Gros Islet,14.07076867,-60.93176053,"Daren Sammy National Cricket Stadium; Daren Sammy National Cricket Stadium, Gros Islet; Daren Sammy National Cricket Stadium, Gros Islet, St Lucia; Darren Sammy National Cricket Stadium, St Lucia; Daren Sammy National Cricket Stadium, St Lucia; Darren Sammy National Cricket Stadium; Darren Sammy National Cricket Stadium, Gros Islet; Daren Sammy National Cricket Stadium, Gros Islet, Gros Islet"
Sir John Davies Oval (Cricket Stadium),New Zealand,Queenstown,-45.01600935,168.7386083,"Davies Park, Queenstown; Sir John Davies Oval (Cricket Stadium); Davies Park"
Desert Springs Cricket Ground,Spain,Almeria,37.2526943,-1.8231444,"Desert Springs Cricket Ground, Almeria; Desert Springs Cricket Ground"
Diamond Oval,South Africa,Kimberley,-28.7426421,24.7967746,"Diamond Oval; De Beers Diamond Oval; Diamond Oval, Kimberley; De Beers Diamond Oval, Kimberley"
Docklands Stadium,Australia,Melbourne,-37.816529,144.947517,Docklands Stadium
Dr D.Y.Patil Stadium,India,Navi Mumbai,19.04226215,73.02670726,"Dr DY Patil Sports Academy, Navi Mumbai; Dr DY Patil Sports Academy; Dr D.Y.Patil Stadium; Dr DY Patil Sports Academy, Mumbai"
Dubai International Cricket Stadium,United Arab Emirates,Dubai,25.0467384,55.219007,"Dubai International Cricket Stadium; Dubai Sports City Cricket Stadium; Dubai International Cricket Stadium, Dubai"
Eden Gardens,India,Kolkata,22.5646093,88.3423371,"Eden Gardens; Eden Gardens, Kolkata; Eden Gardens, Calcutta"
Eden Park,New Zealand,Auckland,-36.8750352,174.7440567,"Eden Park; Eden Park, Auckland; Eden Park No 2; Eden Park Outer Oval"
Edgbaston,United Kingdom,Birmingham,52.4709941,-1.9225861,"Edgbaston; Edgbaston, Birmingham"
Feroz Shah Kotla,India,Delhi,28.6377017,77.2431069,"Feroz Shah Kotla; Arun Jaitley Stadium; Arun Jaitley Stadium, Delhi; Feroz Shah Kotla, Delhi"
Forthill Cricket Ground,United Kingdom,Dundee,56.4748716,-2.8760079,"Forthill, Dundee; Forthill Cricket Ground; Forthill"
FTZ Sports Complex (BOI),Sri Lanka,Katunayake,7.164711943,79.88870754,FTZ Sports Complex (BOI); katunayaka Ayojanamandala Ground
"Gaddafi Stadium, Lahore",Pakistan,Lahore,31.5133615,74.3334644,"Gaddafi Stadium; Gaddafi Stadium, Lahore"
Galle International Stadium,Sri Lanka,Galle,6.0315586,80.2160326,"Galle International Stadium; Galle International Stadium, Galle"
Mangaung Oval,South Africa,Bloemfontein,-29.11655863,26.20521664,"Goodyear Park; Goodyear Park, Bloemfontein; Mangaung Oval; Mangaung Oval, Bloemfontein; Chevrolet Park"
Grace Road,United Kingdom,Leicester,52.6086766,-1.1411037,"Grace Road; Grace Road, Leicester"
"Grand Prairie Stadium, Dallas",United States,Dallas,32.7683435,-96.9860041,"Grand Prairie Stadium, Dallas; Grand Prairie Stadium"
Grange Cricket Club Ground,United Kingdom,Edinburgh,55.96004699,-3.213369261,"Grange Cricket Club Ground, Raeburn Place; Grange Cricket Club Ground, Raeburn Place, Edinburgh; Grange Cricket Club, Raeburn Place, Edinburgh; Grange Cricket Club Ground; Grange Cricket Club Ground, Edinburgh"
Great Barrier Reef Arena,Australia,Mackay,-21.15917466,149.1863296,"Great Barrier Reef Arena, Mackay; Great Barrier Reef Arena; Ray Mitchell Oval, Harrup Park, Mackay"
Green Park,India,Kanpur,26.4821081,80.3477543,"Green Park; Green Park, Kanpur"
Greenfield International Stadium,India,Thiruvananthapuram,8.5723164,76.8847502,"Greenfield International Stadium; Greenfield International Stadium, Thiruvananthapuram"
Gymkhana Club Ground,Kenya,Nairobi,-1.269476932,36.82724208,"Gymkhana Club Ground; Gymkhana Club Ground, Nairobi; Gymkhana Club Ground, Dar-es-Salaam"
Hagley Oval,New Zealand,Christchurch,-43.5344119,172.618646,"Hagley Oval; Hagley Oval, Christchurch"
Harare Sports Club,Zimbabwe,Harare,-17.8136915,31.0504604,"Harare Sports Club; Harare Sports Club, Harare"
Harlequins,South Africa,Pretoria,-25.7675893,28.2171278,Harlequins
Haslegrave Ground,United Kingdom,Loughborough,52.7673311,-1.2301281,"Haslegrave Ground; Haslegrave Ground, Loughborough"
"Hazelaarweg, Rotterdam",Netherlands,Rotterdam,51.967391,4.4800497,"Hazelaarweg, Rotterdam; Hazelaarweg"
Headingley,United Kingdom,Leeds,53.8210076,-1.5777737,"Headingley; Headingley, Leeds"
Himachal Pradesh Cricket Association Stadium,India,Dharamsala,32.1975918,76.3250337,"Himachal Pradesh Cricket Association Stadium; Himachal Pradesh Cricket Association Stadium, Dharamsala; Himachal Pradesh Cricket Association Stadium, Dharamshala; Himachal Pradesh Cricket Association Stadium, Dharmasala"
Holkar Cricket Stadium,India,Indore,22.7242512,75.8796703,"Holkar Cricket Stadium; Holkar Cricket Stadium, Indore"
Hurstville Oval,Australia,Sydney,-33.9612886,151.0993178,Hurstville Oval
ICC Global Cricket Academy,United Arab Emirates,Dubai,25.03812687,55.22649225,"ICC Academy; ICC Academy, Dubai; ICC Global Cricket Academy; ICC Global Cricket Academy, Dubai; ICC Academy Ground No 2; ICC Academy Ground No 2, Dubai"
Reliance Cricket Ground,India,Vadodara,22.34789769,73.14191933,Indian Petrochemicals Corporation Limited Sports Complex Ground; Reliance Cricket Ground
C.ex Coffs International Stadium,Australia,Coffs Harbour,-30.32261395,153.0953954,International Sports Stadium; C.ex Coffs International Stadium
Iqbal Stadium,Pakistan,Faisalabad,31.4338475,73.0857949,"Iqbal Stadium; Iqbal Stadium, Faisalabad"
Jade Stadium,New Zealand,Christchurch,-43.54226247,172.6540186,"Jade Stadium; Jade Stadium, Christchurch; Lancaster Park"
Nairobi Jaffery Sports Club Ground,Kenya,Nairobi,-1.277013318,36.76911671,Jaffery Sports Club Ground; Nairobi Jaffery Sports Club Ground; Nairobi Jaffery Sports Club
John Davies Oval,New Zealand,Queenstown,-45.0160798,168.7385342,"John Davies Oval; John Davies Oval, Queenstown"
JSCA International Stadium Complex,India,Ranchi,23.3104521,85.2748774,"JSCA International Stadium Complex; JSCA International Stadium Complex, Ranchi"
"Junction Oval, Melbourne",Australia,Melbourne,-37.8559903,144.9801966,"Junction Oval; Junction Oval, Melbourne"
Karen Rolton Oval,Australia,Adelaide,-34.9224763,138.5852106,Karen Rolton Oval
Keenan Stadium,India,Jamshedpur,22.8057278,86.1915282,Keenan Stadium
Kennington Oval,United Kingdom,London,51.4821031,-0.1117327,"Kennington Oval; Kennington Oval, London"
"Kensington Oval, Barbados",Barbados,Bridgetown,13.105317,-59.6225631,"Kensington Oval, Barbados; Kensington Oval, Bridgetown; Kensington Oval, Bridgetown, Barbados; Kensington Oval; Kensington Oval, Bridgetown, Bridgetown"
Khan Shaheb Osman Ali Stadium,Bangladesh,Fatullah,23.6502114,90.488824,"Khan Shaheb Osman Ali Stadium; Khan Shaheb Osman Ali Stadium, Fatullah"
R. Premadasa International Cricket Stadium,Sri Lanka,Colombo,6.940200098,79.87227345,"Khettarama Stadium; R. Premadasa International Cricket Stadium; R. Premadasa International Cricket Stadium, Colombo, Sri Lanka; R. Premadasa International Cricket Stadium, Colombo"
Kingsmead,South Africa,Durban,-29.8495671,31.0277475,"Kingsmead; Kingsmead, Durban"
Kinrara Academy Oval,Malaysia,Kuala Lumpur,3.047922743,101.6426007,"Kinrara Academy Oval; Kinrara Academy; Kinrara Academy Oval, Kuala Lumpur"
BCA Stadium,India,Vadodara,22.39885023,73.29336085,"Kotambi Stadium, Vadodara; BCA Stadium; BCA Stadium, Kotambi (Vadodara); BCA Stadium, Kotambi"
Lahore City Cricket Association Ground,Pakistan,Lahore,31.5130361,74.33599748,Lahore City Cricket Association Ground; Lahore City Cricket Association (LCCA) Ground
Lal Bahadur Shastri Stadium,India,Hyderabad,17.89349263,78.40098033,"Lal Bahadur Shastri Stadium, Hyderabad, Deccan; Lal Bahadur Shastri Stadium; Lal Bahadur Shastri Stadium, Hyderabad; LB Stadium"
Lord's Cricket Ground,United Kingdom,London,51.5297966,-0.1720384,"Lord's; Lord's, London; Lord's Cricket Ground; Lord's Cricket Ground, London"
Louth Cricket Club,United Kingdom,,53.35749694,-0.001129219,Louth Cricket Club
M Chinnaswamy Stadium,India,Bangalore,12.9788127,77.5995775,"M Chinnaswamy Stadium; M.Chinnaswamy Stadium; M Chinnaswamy Stadium, Bengaluru; M Chinnaswamy Stadium, Bangalore; M. Chinnaswamy Stadium; M.Chinnaswamy Stadium, Bengaluru; M.Chinnaswamy Stadium, Bangalore"
MA Aziz Stadium,Bangladesh,Chattogram,22.3461394,91.8256257,"MA Aziz Stadium; MA Aziz Stadium, Chittagong; MA Aziz Stadium, Chattogram"
"MA Chidambaram Stadium, Chepauk",India,Chennai,13.0627521,80.2784304,"MA Chidambaram Stadium, Chepauk; MA Chidambaram Stadium, Chepauk, Chennai; MA Chidambaram Stadium; MA Chidambaram Stadium, Chennai; MA Chidambaram Stadium, Madras; MA Chidambaram Stadium, Chepauk, Madras"
Madhavrao Scindia Cricket Ground,India,Rajkot,22.30209263,70.78905717,"Madhavrao Scindia Cricket Ground; Madhavrao Sindhiya Cricket Ground, Rajkot"
Maharaja Yadavindra Singh PCA Stadium,India,New Chandigarh,30.7790027,76.72385089,"Maharaja Yadavindra Singh International Cricket Stadium, New Chandigarh, Maharaja Yadavindra Singh International Cricket Stadium; Maharaja Yadavindra Singh PCA Stadium"
Holkar Stadium,India,Indore,22.72447199,75.87971044,Maharani Usharaje Trust Cricket Ground; Holkar Stadium
Maharashtra Cricket Association Stadium,India,Pune,18.6737116,73.706379,"Maharashtra Cricket Association Stadium; Maharashtra Cricket Association Stadium, Pune"
Sooriyawewa International Cricket Stadium,Sri Lanka,Hambantota,6.353465952,81.02673812,"Mahinda Rajapaksa International Cricket Stadium, Sooriyawewa; Mahinda Rajapaksa International Cricket Stadium, Sooriyawewa, Hambantota; Mahinda Rajapaksa International Cricket Stadium; Sooriyawewa International Cricket Stadium; Mahinda Rajapaksa International Cricket Stadium, Hambantota"
Malahide,Republic of Ireland,Dublin,53.3960067,-6.1930822,"Malahide; Malahide, Dublin"
Mangaung Oval,South Africa,Bloemfontein,-29.11648365,26.20521664,"Mangaung Oval; Mangaung Oval, Bloemfontein; OUTsurance Oval; OUTsurance Oval, Bloemfontein"
Mannofield Park,United Kingdom,Aberdeen,57.1255178,-2.1401038,"Mannofield Park; Mannofield Park, Aberdeen"
Manuka Oval,Australia,Canberra,-35.3179533,149.1347561,"Manuka Oval; Manuka Oval, Canberra"
Maple Leaf Cricket Ground,Canada,King City,43.95428249,-79.50744998,"Maple Leaf North-West Ground; Maple Leaf North-West Ground, King City; Maple Leaf Cricket Ground; Maple Leaf North-East Ground; Maple Leaf North-East Ground, King City"
Marrara Cricket Ground,Australia,Darwin,-12.4016677,130.8886736,"Marrara Cricket Ground; Marrara Cricket Ground, Darwin"
McLean Park,New Zealand,Napier,-39.5018431,176.9125267,"McLean Park; McLean Park, Napier"
Melbourne Cricket Ground,Australia,Melbourne,-37.819909,144.983225,"Melbourne Cricket Ground; MCG; Melbourne Cricket Ground, Melbourne"
"Tin Kwong Road Recreation Ground, Cricket Ground",Hong Kong,Hong Kong,22.32350432,114.1849826,"Mission Road Ground, Mong Kok; Mission Road Ground; Tin Kwong Road Recreation Ground, Cricket Ground; Mission Road Ground, Mong Kok, Hong Kong; Mission Road Ground, Mong Kok, Mong Kok; Mission Road Ground, Hong Kong"
Mombasa Sports Club Ground,Kenya,,-4.066895407,39.66670525,Mombasa Sports Club Ground
Moosa Cricket Stadium,United States,Pearland,29.5176685,-95.3257144,"Moosa Cricket Stadium, Pearland; Moosa Cricket Stadium"
Mulpani Cricket Ground,Nepal,Kathmandu,27.718808,85.3912905,"Mulpani Cricket Ground; Mulpani Cricket Ground, Kathmandu"
Multan Cricket Stadium,Pakistan,Multan,30.170783,71.5247746,"Multan Cricket Stadium; Multan Cricket Stadium, Multan"
Nahar Singh Stadium,India,Faridabad,28.3870517,77.2957448,"Nahar Singh Stadium; Nahar Singh Stadium, Faridabad"
Narayanganj Osmani Stadium,Bangladesh,Fatullah,23.6277774,90.493218,Narayanganj Osmani Stadium
Narendra Modi Stadium,India,Ahmedabad,23.0917717,72.5973345,"Narendra Modi Stadium, Ahmedabad; Narendra Modi Stadium"
National Cricket Stadium,Grenada,St George's,12.0590386,-61.7522388,"National Cricket Stadium; National Cricket Stadium, Grenada; National Cricket Stadium, St George's; National Cricket Stadium, St George's, Grenada; National Cricket Stadium, St George's, St George's"
National Stadium,Pakistan,Karachi,24.8928039,67.082938,"National Stadium; National Stadium, Karachi; National Stadium, Hamilton"
Nehru Stadium,India,Kochi,9.9971904,76.3008356,Nehru Stadium
"Nehru Stadium, Fatorda",India,Margao,15.2897621,73.9623533,"Nehru Stadium, Fatorda"
"Nehru Stadium, Poona",India,Pune,18.502265,73.8556715,"Nehru Stadium, Poona"
DP World Wanderers Stadium,South Africa,Johannesburg,-26.13095177,28.05736778,"New Wanderers Stadium; New Wanderers Stadium, Johannesburg; DP World Wanderers Stadium"
Newlands,South Africa,Cape Town,-33.9742832,18.4572951,"Newlands; Newlands, Cape Town"
"Niaz Stadium, Hyderabad",Pakistan,Sind,25.3823374,68.338131,"Niaz Stadium, Hyderabad"
NCC Grounds,Sri Lanka,Colombo,6.908032861,79.86783224,"Nondescripts Cricket Club Ground; NCC Grounds; Nondescripts Cricket Club Ground, Colombo"
North Marine Road Ground,United Kingdom,Scarborough,54.2883182,-0.40513,North Marine Road Ground
"North Sydney Oval, Sydney",Australia,Sydney,-33.831888,151.2093253,"North Sydney Oval; North Sydney Oval, Sydney"
"North West Cricket Stadium, Potchefstroom",South Africa,Potchefstroom,-26.69532718,27.10072899,"North West Cricket Stadium, Potchefstroom; North-West University No1 Ground; North West Cricket Stadium"
"Observatory Lane, Rathmines",Republic of Ireland,Dublin,53.3256649,-6.2643366,"Observatory Lane, Rathmines"
Old Hararians,Zimbabwe,Harare,-17.8137138,31.0286527,"Old Hararians; Old Hararians, Harare"
Old Trafford,United Kingdom,Manchester,53.4631095,-2.2913865,"Old Trafford; Old Trafford, Manchester"
P. Saravanamuttu International cricket Stadium,Sri Lanka,Colombo,6.919091509,79.88419655,"P Sara Oval; P Sara Oval, Colombo; P. Saravanamuttu International cricket Stadium; P Saravanamuttu Stadium; P Saravanamuttu Stadium, Colombo"
Pallekele International Cricket Stadium,Sri Lanka,Kandy,7.2806408,80.7224634,"Pallekele International Cricket Stadium; Pallekele International Cricket Stadium, Kandy; Pallekele International Cricket Stadium, Pallekele"
Perth Stadium,Australia,Perth,-31.9571111,115.8816761,"Perth Stadium; Perth Stadium, Perth"
Peter Burge Oval,Australia,Brisbane,-27.49032049,153.2358655,Peter Burge Oval
Providence Stadium,Guyana,Guyana,6.7577816,-58.1778885,"Providence Stadium; Providence Stadium, Guyana; Providence Stadium, Providence"
I.S. Bindra Punjab Cricket Association Stadium,India,Chandigarh,30.69109415,76.73758414,"Punjab Cricket Association IS Bindra Stadium, Mohali; Punjab Cricket Association IS Bindra Stadium, Mohali, Chandigarh; Punjab Cricket Association Stadium, Mohali; I.S. Bindra Punjab Cricket Association Stadium; Punjab Cricket Association IS Bindra Stadium; Punjab Cricket Association IS Bindra Stadium, Chandigarh; Punjab Cricket Association Stadium; Punjab Cricket Association Stadium, Chandigarh; Punjab Cricket Association Stadium, Mohali, Chandigarh"
Grenada National Cricket Stadium,Grenada,St George's,12.05932635,-61.75223225,"Queen's Park (New), St George's, Grenada; Grenada National Cricket Stadium"
Queen's Park Oval,Trinidad and Tobago,Trinidad,10.667411,-61.5237463,"Queen's Park Oval; Queen's Park Oval, Port of Spain; Queen's Park Oval, Port of Spain, Trinidad; Queen's Park Oval, Trinidad; Queen's Park Oval, Port of Spain, Port of Spain"
Queens Sports Club,Zimbabwe,Bulawayo,-20.1450755,28.5879876,"Queens Sports Club; Queens Sports Club, Bulawayo"
Queenstown Events Centre,New Zealand,,-45.015628,168.7381709,Queenstown Events Centre
R. Premadasa International Cricket Stadium,Sri Lanka,Colombo,6.9399983,79.8722901,"R Premadasa Stadium; R.Premadasa Stadium; R Premadasa Stadium, Colombo; R. Premadasa International Cricket Stadium; R.Premadasa Stadium, Khettarama; R.Premadasa Stadium, Colombo"
"Rajiv Gandhi International Stadium, Uppal",India,Hyderabad,17.4059481,78.5505638,"Rajiv Gandhi International Stadium, Uppal; Rajiv Gandhi International Stadium, Uppal, Hyderabad; Rajiv Gandhi International Stadium; Rajiv Gandhi International Stadium, Hyderabad"
Rangiri Dambulla International Stadium,Sri Lanka,Dambulla,7.858932354,80.63365338,"Rangiri Dambulla International Stadium; Rangiri Dambulla International Stadium, Dambulla"
Rawalpindi Cricket Stadium,Pakistan,Rawalpindi,33.6511816,73.07598,"Rawalpindi Cricket Stadium; Rawalpindi Cricket Stadium, Rawalpindi"
Reliance Stadium,India,Vadodara,17.4891696,78.3236847,Reliance Stadium
Riverside Ground,United Kingdom,Chester-le-Street,54.8496667,-1.5609563,"Riverside Ground; Riverside Ground, Chester-le-Street"
"Riverway Stadium, Townsville",Australia,Townsville,-19.317616,146.7318618,"Riverway Stadium, Townsville"
Royal Chiangmai Golf Club,Thailand,Chiang Mai,19.02229603,98.98697201,"Royal Chiangmai Golf Club; Royal Chiangmai Golf Club, Chiang Mai"
Ruaraka Sports Club Ground,Kenya,Nairobi,-1.25786449,36.85756088,"Ruaraka Sports Club Ground; Ruaraka Sports Club Ground, Nairobi"
"Sabina Park, Kingston",Jamaica,Jamaica,17.9779974,-76.7825867,"Sabina Park, Kingston; Sabina Park, Kingston, Jamaica; Sabina Park; Sabina Park, Jamaica; Sabina Park, Kingston, Kingston"
"Sardar Patel Stadium, Motera",India,Ahmedabad,23.0925447,72.5978635,"Sardar Patel Stadium, Motera; Sardar Patel (Gujarat) Stadium, Motera; Sardar Patel Stadium; Sardar Patel Stadium, Ahmedabad"
"Saurashtra Cricket Association Stadium, Rajkot",India,Rajkot,22.3627855,70.7100844,"Saurashtra Cricket Association Stadium; Saurashtra Cricket Association Stadium, Rajkot"
Sawai Mansingh Stadium,India,Jaipur,26.8939911,75.8032269,"Sawai Mansingh Stadium; Sawai Mansingh Stadium, Jaipur"
Saxton Oval,New Zealand,Nelson,-41.3309414,173.2128396,"Saxton Oval; Saxton Oval, Nelson"
Sector 16 Stadium,India,Chandigarh,30.7419173,76.7747257,Sector 16 Stadium
Seddon Park,New Zealand,Hamilton,-37.7867613,175.2742998,"Seddon Park; Seddon Park, Hamilton; Westpac Park, Hamilton"
Senwes Park,South Africa,Potchefstroom,-26.6954244,27.1002894,"Senwes Park; Senwes Park, Potchefstroom; Sedgars Park; Sedgars Park, Potchefstroom"
Shaheed Chandu Stadium,Bangladesh,Bogra,24.8394526,89.3641648,"Shaheed Chandu Stadium; Shaheed Chandu Stadium, Bogra"
Shaheed Veer Narayan Singh International Stadium,India,Raipur,21.20364123,81.82393561,"Shaheed Veer Narayan Singh International Stadium, Raipur; Shaheed Veer Narayan Singh International Stadium"
Sharjah Cricket Stadium,United Arab Emirates,Sharjah,25.3308493,55.4208718,"Sharjah Cricket Stadium; Sharjah Cricket Association Stadium; Sharjah Cricket Stadium, Sharjah"
Sheikh Abu Naser Stadium,Bangladesh,Khulna,22.8445371,89.5373893,"Sheikh Abu Naser Stadium; Sheikh Abu Naser Stadium, Khulna"
Sheikh Kamal International Cricket Stadium,Bangladesh,Cox's Bazar,23.0100868,89.8273886,Sheikh Kamal International Cricket Stadium
Sheikh Zayed Stadium,United Arab Emirates,Abu Dhabi,24.4161286,54.45363,"Sheikh Zayed Stadium; Sheikh Zayed Stadium, Abu Dhabi"
Sheikhupura Stadium,Pakistan,,31.7078851,73.9751345,Sheikhupura Stadium
Sher-e-Bangla National Cricket Stadium,Bangladesh,Mirpur,23.8069081,90.3636143,"Sher-e-Bangla National Cricket Stadium; Shere Bangla National Stadium; Shere Bangla National Stadium, Mirpur; Shere Bangla National Stadium, Dhaka"
SSC Cricket Ground,Sri Lanka,Colombo,6.906191413,79.86932537,"Sinhalese Sports Club; Sinhalese Sports Club Ground; Sinhalese Sports Club Ground, Colombo; SSC Cricket Ground"
"Sinovich Park, Sinoville",South Africa,Pretoria,-25.67431622,28.21807228,"Sinovich Park, Sinoville"
Stokenchurch Cricket Ground,United Kingdom,Wormsley,51.66042385,-0.90560604,"Sir Paul Getty's Ground; Stokenchurch Cricket Ground; Sir Paul Getty's Ground, Wormsley"
Sir Vivian Richards Stadium,Antigua and Barbuda,North Sound,17.1027029,-61.7848897,"Sir Vivian Richards Stadium; Sir Vivian Richards Stadium, Antigua; Sir Vivian Richards Stadium, North Sound; Sir Vivian Richards Stadium, North Sound; Sir Vivian Richards Stadium, North Sound, Antigua; Sir Vivian Richards Stadium, North Sound, North Sound"
Sophia Gardens,United Kingdom,Cardiff,51.485159,-3.1904734,"Sophia Gardens; Sophia Gardens, Cardiff"
Southend Club Cricket Stadium,Pakistan,Karachi,24.79622255,67.05536682,"Southend Club Cricket Stadium; Southend Club Cricket Stadium, Karachi"
Sportpark Het Schootsveld,Netherlands,Deventer,52.253634,6.226440125,"Sportpark Het Schootsveld; Sportpark Het Schootsveld, Deventer"
Sportpark Maarschalkerweerd,Netherlands,Utrecht,52.07516323,5.151040656,"Sportpark Maarschalkerweerd, Utrecht; Sportpark Maarschalkerweerd"
Sportpark Westvliet,Netherlands,The Hague,52.0669331,4.3724956,"Sportpark Westvliet, The Hague; Sportpark Westvliet; Sportpark Westvliet, Voorburg"
St George's Park,South Africa,Gqeberha,-33.9657696,25.6073323,"St George's Park; St George's Park, Gqeberha; St George's Park, Port Elizabeth"
St Lawrence Ground,United Kingdom,Canterbury,51.2682485,1.0915126,"St Lawrence Ground; St Lawrence Ground, Canterbury"
Stellenbosch University,South Africa,,-33.93732423,18.87557203,Stellenbosch University 1; Stellenbosch University 2
Sunrise Sports Club,Zimbabwe,Harare,-17.84412588,31.01661265,"Sunrise Sports Club, Harare; Sunrise Sports Club"
SuperSport Park,South Africa,Centurion,-25.8596238,28.1956445,"SuperSport Park; SuperSport Park, Centurion"
Sydney Cricket Ground,Australia,Sydney,-33.8914241,151.2247484,"Sydney Cricket Ground; Sydney Cricket Ground, Sydney"
Sylhet International Cricket Stadium,Bangladesh,Sylhet,24.9209101,91.8685606,"Sylhet International Cricket Stadium; Sylhet International Cricket Stadium, Sylhet; Sylhet International Cricket Stadium, Academy Ground"
Takashinga Sports Club,Zimbabwe,Harare,-17.8876142,30.9904688,"Takashinga Sports Club, Highfield, Harare; Takashinga Sports Club, Highfield; Takashinga Sports Club; Takashinga Sports Club, Harare"
Terdthai Cricket Ground,Thailand,Bangkok,13.6935037,100.85156,"Terdthai Cricket Ground, Bangkok; Terdthai Cricket Ground"
Somerset County Cricket Club,United Kingdom,Taunton,51.01905315,-3.100907906,"The Cooper Associates County Ground; The Cooper Associates County Ground, Taunton; Somerset County Cricket Club"
The Hills Cricket Club Ground,Republic of Ireland,Dublin,53.56435472,-6.144108329,The Hills Cricket Club Ground; The Hills Cricket Club; The Vineyard
The Rose Bowl,United Kingdom,Southampton,50.9237276,-1.3236178,"The Rose Bowl; The Rose Bowl, Southampton"
Bristol Cricket Club,United Kingdom,Bristol,51.44031102,-2.679008399,"The Royal & Sun Alliance County Ground, Bristol; Bristol Cricket Club"
Malahide Cricket Club,Republic of Ireland,Dublin,53.4562481,-6.2206297,"The Village, Malahide; The Village, Malahide, Dublin; The Village; Malahide Cricket Club; The Village, Dublin"
DP World Wanderers Stadium,South Africa,Johannesburg,-26.13099993,28.05750725,"The Wanderers Stadium; The Wanderers Stadium, Johannesburg; DP World Wanderers Stadium"
3Ws Oval,Barbados,Cave Hill,13.13590903,-59.63081952,"Three Ws Oval, Cave Hill, Barbados; 3Ws Oval; Three Ws Oval, Cave Hill; Three Ws Oval, Cave Hill, Cave Hill"
Titwood Cricket Ground,United Kingdom,Glasgow,55.8356209,-4.2857484,"Titwood; Titwood, Glasgow; Titwood Cricket Ground"
Tony Ireland Stadium,Australia,Townsville,-19.3176133,146.7318706,"Tony Ireland Stadium, Townsville; Tony Ireland Stadium"
"Toronto Cricket, Skating and Curling Club",Canada,Toronto,43.7398265,-79.418975,"Toronto Cricket, Skating and Curling Club"
Trent Bridge,United Kingdom,Nottingham,52.9384323,-1.1363421,"Trent Bridge; Trent Bridge, Nottingham"
TU Cricket Stadium,Nepal,Kirtipur,27.6781105,85.29033738,"Tribhuvan University International Cricket Ground; Tribhuvan University International Cricket Ground, Kirtipur; TU Cricket Stadium"
"United Cricket Club Ground, Windhoek",Namibia,Windhoek,-22.6075139,17.09596781,"United Cricket Club Ground, Windhoek; United Cricket Club Ground"
University Oval,New Zealand,Dunedin,-45.8657341,170.5255193,"University Oval; University Oval, Dunedin"
Vidarbha C.A. Ground,India,Nagpur,21.15887934,79.07661665,"Vidarbha C.A. Ground; Vidarbha Cricket Association Ground; Vidarbha Cricket Association Stadium, Jamtha; Vidarbha Cricket Association Stadium, Jamtha, Nagpur; Vidarbha Cricket Association Stadium; Vidarbha Cricket Association Stadium, Nagpur; Vidarbha C.A. Ground, Nagpur"
VRA Cricket Ground,Netherlands,Amstelveen,52.3191347,4.850475068,"VRA Cricket Ground; VRA Ground; VRA Ground, Amstelveen"
Wanderers Cricket Ground,Namibia,Windhoek,-22.59129008,17.0717323,"Wanderers Cricket Ground; Wanderers Cricket Ground, Windhoek"
Wankhede Stadium,India,Mumbai,18.9385497,72.8257408,"Wankhede Stadium; Wankhede Stadium, Mumbai; Wankhede Stadium, Bombay"
"Warner Park, Basseterre",Saint Kitts and Nevis,St Kitts,17.2984395,-62.7220774,"Warner Park, Basseterre; Warner Park, Basseterre, St Kitts; Warner Park; Warner Park, St Kitts; Warner Park, Basseterre, Basseterre"
Welagedara Stadium,Sri Lanka,Kurunegala,7.4924067,80.3676596,Welagedara Stadium
Western Australia Cricket Association Ground,Australia,Perth,-31.95952803,115.8798192,"Western Australia Cricket Association Ground; Western Australia Cricket Association Ground, Perth; W.A.C.A. Ground; W.A.C.A. Ground, Perth"
Sky Stadium,New Zealand,Wellington,-41.2730528,174.7858728,"Westpac Stadium; Westpac Stadium, Wellington; Sky Stadium"
Willowmoore Park,South Africa,Benoni,-26.1961933,28.317979,"Willowmoore Park; Willowmoore Park, Benoni"
"Windsor Park, Roseau",Dominica,Dominica,15.3018698,-61.3844608,"Windsor Park, Roseau; Windsor Park, Roseau, Dominica; Windsor Park, Roseau, Roseau; Windsor Park; Windsor Park, Dominica"
YMCA Cricket Club,Republic of Ireland,Dublin,53.32489479,-6.23165564,"YMCA Cricket Club; YMCA Cricket Club, Dublin"
Bir Shrestha Shahid Flight Lieutenant Motiur Rahman Cricket Stadium,Bangladesh,Chittagong,22.35609884,91.76770042,"Zahur Ahmed Chowdhury Stadium; Zahur Ahmed Chowdhury Stadium, Chattogram; Bir Shrestha Shahid Flight Lieutenant Motiur Rahman Cricket Stadium; Zohur Ahmed Chowdhury Stadium; Zahur Ahmed Chowdhury Stadium, Chittagong; Zohur Ahmed Chowdhury Stadium, Chittagong; Zohur Ahmed Chowdhury Stadium, Chattogram"
"Zayed Cricket Stadium, Abu Dhabi",United Arab Emirates,Abu Dhabi,24.395516,54.5410101,"Zayed Cricket Stadium, Abu Dhabi; Zayed Cricket Stadium"
Simonds Stadium,Australia,Victoria,-38.15792254,144.3545198,"Simonds Stadium; Simonds Stadium, South Geelong; Simonds Stadium, Victoria"
Asian Institute of Technology Ground,Thailand,Bangkok,14.07967529,100.6094103,"Asian Institute of Technology Ground; Asian Institute of Technology Ground, Bangkok"
Grange Cricket Club,United Kingdom,Edinburgh,55.96090815,-3.213232988,"Grange Cricket Club; Grange Cricket Club, Raeburn Place; Grange Cricket Club, Edinburgh"
Pukekura Park,New Zealand,New Plymouth,-39.06483425,174.0797393,"Pukekura Park; Pukekura Park, New Plymouth"
Carrara Oval,Australia,Carrara,-28.00619553,153.3670834,"Carrara Oval; Carrara Oval, Carrara"
Pembroke Cricket Club,Republic of Ireland,Dublin,53.32445575,-6.215175804,"Pembroke Cricket Club; Pembroke Cricket Club, Sandymount; Pembroke Cricket Club, Dublin; Pembroke Cricket Club, Sandymount, Dublin"
Royal Selangor Club,Malaysia,Kuala Lumpur,3.149500419,101.6930031,"Royal Selangor Club; Royal Selangor Club, Kuala Lumpur"
Colts Cricket Club Ground,Sri Lanka,Colombo,6.8854842,79.8675627,"Colts Cricket Club Ground; Colts Cricket Club Ground, Colombo"
Botswana Cricket Association Oval,Botswana,Gaborone,-24.65364291,25.93939375,"Botswana Cricket Association Oval 1; Botswana Cricket Association Oval 1, Gaborone; Botswana Cricket Association Oval 2; Botswana Cricket Association Oval 2, Gaborone"
Tolerance Oval,United Arab Emirates,Abu Dhabi,24.39722242,54.53847594,"Tolerance Oval; Tolerance Oval, Abu Dhabi"
Bready Cricket Club,United Kingdom,Derry,54.93785113,-7.381911917,"Bready; Bready, Derry; Bready Cricket Club"
Sydney Showground Stadium,Australia,Sydney,-33.844039,151.06687,"Sydney Showground Stadium; Sydney Showground Stadium, Sydney"
LC de Villiers Oval,South Africa,Pretoria,-25.74970787,28.24789581,"LC de Villiers Oval; LC de Villiers Oval, Pretoria"
Vanuatu Cricket Ground,Vanuatu,Port Vila,-17.73370844,168.3350453,"Ground 1; Ground 1, Independence Park; Ground 1, Port Vila; Ground 2; Ground 2, Independence Park; Ground 2, Port Vila; Vanuatu Cricket Ground; Vanuatu Cricket Ground, Port Vila; Vanuatu Cricket Ground (Oval 2)"
Kyambogo Cricket Oval,Uganda,Kampala,0.345116,32.626371,"Kyambogo Cricket Oval; Kyambogo Cricket Oval, Kampala"
Lugogo Cricket Oval,Uganda,Kampala,0.32586985,32.60454302,"Lugogo Cricket Oval; Lugogo Cricket Oval, Kampala"
Sydney Parade,Republic of Ireland,Dublin,53.32488043,-6.215247732,"Sydney Parade; Sydney Parade, Dublin"
King George V Sports Ground,United Kingdom,Castel,52.969137,-1.112028,"King George V Sports Ground; King George V Sports Ground, Castel"
College Field,Guernsey,St Peter Port,49.45187587,-2.554118146,"College Field; College Field, St Peter Port"
Gahanga International Cricket Stadium,Rwanda,Kigali City,-2.0295414,30.10713432,"Gahanga International Cricket Stadium. Rwanda; Gahanga International Cricket Stadium. Rwanda, Kigali City; Gahanga International Cricket Stadium; Gahanga International Cricket Stadium, Rwanda; Gahanga International Cricket Stadium, Kigali City; Gahanga B Ground; Gahanga B Ground, Rwanda; Gahanga B Ground, Kigali City"
La Manga Club Top Ground,Spain,Murcia,37.60092071,-0.810883043,"La Manga Club Top Ground; La Manga Club Top Ground, Murcia"
Indian Association Ground,Singapore,Singapore,1.31721775,103.8554165,"Indian Association Ground; Indian Association Ground, Singapore"
Lochlands,United Kingdom,Arbroath,56.56493036,-2.60544757,"Lochlands; Lochlands, Arbroath"
Yeonhui Cricket Ground,South Korea,Incheon,37.54008955,126.6684868,"Yeonhui Cricket Ground; Yeonhui Cricket Ground, Incheon"
White Hill Field,Bermuda,Hamilton,32.27191252,-64.87377398,"White Hill Field; White Hill Field, Sandys Parish; White Hill Field, Hamilton"
Bermuda National Stadium,Bermuda,Hamilton,32.30056,-64.76982,"Bermuda National Stadium; Bermuda National Stadium, Hamilton"
Lalabhai Contractor Stadium,India,Surat,21.15563552,72.76925038,"Lalabhai Contractor Stadium; Lalabhai Contractor Stadium, Surat"
La Manga Club Bottom Ground,Spain,Murcia,37.60177159,-0.809716435,"La Manga Club Bottom Ground; La Manga Club Bottom Ground, Murcia"
Pokhara Rangasala,Nepal,Pokhara,28.20443915,83.99142376,"Pokhara Rangasala; Pokhara Rangasala, Pokhara"
Seebarn Cricket Centre,Austria,Lower Austria,48.38363241,16.38724029,"Seebarn Cricket Centre; Seebarn Cricket Centre, Lower Austria"
Pierre Werner Cricket Ground,Luxembourg,Walferdange,49.6643189,6.12784809,"Pierre Werner Cricket Ground; Pierre Werner Cricket Ground, Walferdange"
Sky Stadium,New Zealand,Wellington,-41.27286341,174.7859192,"Sky Stadium; Sky Stadium, Wellington"
Moara Vlasiei Cricket Ground,Romania,Ilfov County,44.64795433,26.21682915,"Moara Vlasiei Cricket Ground; Moara Vlasiei Cricket Ground, Ilfov County"
Wanderers,Namibia,Windhoek,-22.59127471,17.07175707,"Wanderers; Wanderers, Windhoek"
Scott Page Field,Czech Republic,Prague,50.14462123,14.56404073,"Scott Page Field; Scott Page Field, Vinor; Scott Page Field, Prague"
National Sports Academy,Bulgaria,Sofia,42.64819769,23.34812989,"National Sports Academy; National Sports Academy, Sofia"
Marsa Sports Club,Malta,Marsa,35.87604416,14.48695537,"Marsa Sports Club; Marsa Sports Club, Marsa"
Bayer Uerdingen Cricket Ground,Germany,Krefeld,51.3653292,6.630568612,"Bayer Uerdingen Cricket Ground; Bayer Uerdingen Cricket Ground, Krefeld"
Svanholm Park,Denmark,Brondby,55.6288169,12.42785872,"Svanholm Park; Svanholm Park, Brondby"
Gucherre Cricket Ground,Portugal,Albergaria,39.23410293,-8.849026497,"Gucherre Cricket Ground; Gucherre Cricket Ground, Albergaria"
Kerava National Cricket Ground,Finland,Kerava,60.39165559,25.11691678,"Kerava National Cricket Ground; Kerava National Cricket Ground, Kerava"
Entebbe Cricket Oval,Uganda,Entebbe,0.053414534,32.46898061,"Entebbe Cricket Oval; Entebbe Cricket Oval, Entebbe"
Guttsta Wicked Cricket Club,Sweden,Kolsva,59.59619044,15.83325277,"Guttsta Wicked Cricket Club; Guttsta Wicked Cricket Club, Kolsva"
Happy Valley Ground,Cyprus,Episkopi,34.67228495,32.82147044,"Happy Valley Ground; Happy Valley Ground, Episkopi; Happy Valley Ground 2; Happy Valley Ground 2, Episkopi"
Reforma Athletic Club,Mexico,Naucalpan,19.4807963,-99.25798236,"Reforma Athletic Club; Reforma Athletic Club, Naucalpan"
Integrated Polytechnic Regional Centre,Rwanda,Kigali City,-1.694908409,29.92036298,"Integrated Polytechnic Regional Centre; Integrated Polytechnic Regional Centre, Kigali City"
University of Lagos Cricket Oval,Nigeria,Lagos,6.5150095,3.389394714,"University of Lagos Cricket Oval; University of Lagos Cricket Oval, Lagos"
West End Park International Cricket Stadium,Qatar,Doha,25.18963864,51.4601651,"West End Park International Cricket Stadium; West End Park International Cricket Stadium, Doha"
GMHBA Stadium,Australia,Geelong,-38.15811215,144.3545945,"GMHBA Stadium, South Geelong; GMHBA Stadium, South Geelong, Victoria; GMHBA Stadium, South Geelong, Geelong"
Centre for Cricket Development Ground,Namibia,Windhoek,-22.60541119,17.08737367,"Centre for Cricket Development Ground; Centre for Cricket Development Ground, Windhoek"
Malek Cricket Ground,United Arab Emirates,Ajman,25.40270467,55.5602057,"Malek Cricket Ground; Malek Cricket Ground, Ajman"
UKM-YSD Cricket Oval,Malaysia,Bangi,2.934794,101.783373,"UKM-YSD Cricket Oval; UKM-YSD Cricket Oval, Bangi; YSD-UKM Cricket Oval; YSD-UKM Cricket Oval, Bangi"
Meersen,Belgium,Ghent,51.04170518,3.774949407,"Meersen; Meersen, Gent; Meersen, Ghent"
Royal Brussels Cricket Club Ground,Belgium,Waterloo,50.69694723,4.44916991,"Royal Brussels Cricket Club Ground; Royal Brussels Cricket Club Ground, Waterloo"
Grainville,Jersey,St Saviour,49.19815967,-2.088150915,"Grainville; Grainville, St Saviour; Grainville, St Saviour, Jersey; Grainville, St Saviour, St Saviour"
Tikkurila Cricket Ground,Finland,Vantaa,60.30017823,25.02267591,"Tikkurila Cricket Ground; Tikkurila Cricket Ground, Vantaa"
Sportpark Harga,Netherlands,Schiedam,51.92070284,4.367106454,"Sportpark Harga; Sportpark Harga, Schiedam"
Lisicji Jarak Cricket Ground,Serbia,Belgrade,44.82,20.45,"Lisicji Jarak Cricket Ground; Lisicji Jarak Cricket Ground, Belgrade"
Independence Park,Vanuatu,Port Vila,-17.74005975,168.316891,"Independence Park; Independence Park, Port Vila"
Sano International Cricket Ground,Japan,Sano,36.35742202,139.592317,"Sano International Cricket Ground; Sano International Cricket Ground, Sano; Sano International Cricket Ground 2; Sano International Cricket Ground 2, Sano"
Kaizuka Cricket Ground,Japan,Osaka,34.41898233,135.3670613,"Kaizuka Cricket Ground; Kaizuka Cricket Ground, Osaka"
Morodok Techo National Stadium,Cambodia,Phnom Penh,11.68297715,104.8763078,"Morodok Techo National Stadium; Morodok Techo National Stadium, Phnom Penh"
St Albans Club,Argentina,Buenos Aires,-34.8410437,-58.38521713,"St Albans Club; St Albans Club, Buenos Aires; San Albano"
Belgrano Athletic Club Ground,Argentina,Buenos Aires,-34.57227899,-58.46408759,"Belgrano Athletic Club Ground; Belgrano Athletic Club Ground, Buenos Aires"
Hurlingham Club Ground,Argentina,Buenos Aires,-34.58665982,-58.6308715,"Hurlingham Club Ground; Hurlingham Club Ground, Buenos Aires"
Tafawa Balewa Square (TBS) Cricket Oval,Nigeria,Lagos,6.448086398,3.400440554,"Tafawa Balewa Square (TBS) Cricket Oval; Tafawa Balewa Square Cricket Oval; Tafawa Balewa Square Cricket Oval, Lagos"
Gucherre Cricket Ground,Portugal,Albergaria,39.2340199,-8.849047933,"Santarem Cricket Ground; Santarem Cricket Ground, Albergaria; Gucherre Cricket Ground"
Europa Sports Complex,Gibraltar,Gibraltar,36.11073521,-5.347016753,"Europa Sports Complex; Europa Sports Complex, Gibraltar"
Solvangs Park,Denmark,Copenhagen,55.67175073,12.39793392,"Solvangs Park; Solvangs Park, Glostrup; Solvangs Park, Copenhagen"
FB Fields,Jersey,St Clement,49.17382711,-2.083572105,"FB Fields; FB Fields, St Clement"
Goldenacre,United Kingdom,Edinburgh,55.97083629,-3.203760979,"Goldenacre; Goldenacre, Edinburgh"
Bayuemas Oval,Malaysia,Kuala Lumpur,2.9781713,101.4384074,"Bayuemas Oval; Bayuemas Oval, Kuala Lumpur"
GB Oval,Hungary,Szodliget,47.72590739,19.15192862,"GB Oval; GB Oval, Szodliget"
Turf City B Cricket Ground,Singapore,Singapore,1.344229542,103.7904003,"Turf City B Cricket Ground; Turf City B Cricket Ground, Singapore"
Selangor Turf Club,Malaysia,Kuala Lumpur,3.050282675,101.7081407,"Selangor Turf Club; Selangor Turf Club, Kuala Lumpur"
Woodley Cricket Field,United States,Los Angeles,34.17887464,-118.4764193,"Woodley Cricket Field; Woodley Cricket Field, Los Angeles"
Zhejiang University of Technology Cricket Field,China,Hangzhou,30.29193046,120.1640325,"Zhejiang University of Technology Cricket Field; Zhejiang University of Technology Cricket Field, Hangzhou"
St Georges Quilmes,Argentina,,-34.72401722,-58.24379129,St Georges Quilmes
Lapangan Cricket Udayana,Indonesia,Bali,-8.793969434,115.1673482,"Udayana Cricket Ground; Udayana Cricket Ground, Bali; Lapangan Cricket Udayana"
Hong Kong Cricket Club,Hong Kong,Wong Nai Chung Gap,22.25872885,114.1933372,"Hong Kong Cricket Club; Hong Kong Cricket Club, Wong Nai Chung Gap"
Nassau County International Cricket Stadium,United States,New York,40.7299492,-73.5758444,"Nassau County International Cricket Stadium; Nassau County International Cricket Stadium, New York"
Johor Cricket Academy Oval,Malaysia,Johor,1.51695295,103.6393947,"Johor Cricket Academy Oval; Johor Cricket Academy Oval, Johor"
University of Doha for Science and Technology,Qatar,Doha,25.36088686,51.48103978,"University of Doha for Science and Technology; University of Doha for Science and Technology, Doha"
Achimota Senior Secondary School Field,Ghana,Accra,5.591391068,-0.249809779,"Achimota Senior Secondary School A Field; Achimota Senior Secondary School A Field, Accra; Achimota Senior Secondary School B Field; Achimota Senior Secondary School B Field, Accra; Achimota Senior Secondary School Field"
Prairie View Cricket Complex,United States,Houston,30.088702,-96.007672,"Prairie View Cricket Complex; Prairie View Cricket Complex, Houston"
Los Reyes Polo Club,Costa Rica,Guacima,9.948508538,-84.26608388,"Los Reyes Polo Club; Los Reyes Polo Club, Guacima"
7he Sevens Stadium,United Arab Emirates,Dubai,24.99599546,55.46921726,"7he Sevens Stadium; 7he Sevens Stadium, Dubai"
Dreux Sport Cricket Club,France,Dreux,48.76414698,1.337595781,"Dreux Sport Cricket Club; Dreux Sport Cricket Club, Dreux"
Roma Cricket Ground,Italy,Spinaceto,41.77362262,12.45463743,"Roma Cricket Ground; Roma Cricket Ground, Spinaceto"
Simar Cricket Ground,Italy,Rome,41.56611738,12.58952327,"Simar Cricket Ground; Simar Cricket Ground, Rome"
Shrimant Madhavrao Scindia Cricket Stadium,India,Gwalior,26.23586106,78.12547445,"Shrimant Madhavrao Scindia Cricket Stadium; Shrimant Madhavrao Scindia Cricket Stadium, Gwalior"
Guernsey Rovers Athletic Club Ground,Guernsey,Port  Soif,49.48587496,-2.579406919,"Guernsey Rovers Athletic Club Ground; Guernsey Rovers Athletic Club Ground, Port Soif; Guernsey Rovers Athletic Club Ground, Port  Soif"
Sikh Union Club Ground,Kenya,Nairobi,-1.267271674,36.82993092,"Sikh Union Club Ground; Sikh Union Club Ground, Nairobi"
Mladost Cricket Ground,Croatia,Zagreb,45.78657452,15.9455275,"Mladost Cricket Ground; Mladost Cricket Ground, Zagreb"
Faleata Oval No 2,Samoa,Apia,-13.84501491,-171.8001437,"Faleata Oval No 2; Faleata Oval No 2, Apia"
Ekeberg Cricket Ground 1,Norway,Oslo,59.89492414,10.77972779,"Ekeberg Cricket Ground 1; Ekeberg Cricket Ground 1, Oslo"
Ekeberg Cricket Ground 2,Norway,Oslo,59.89544406,10.7751021,"Ekeberg Cricket Ground 2; Ekeberg Cricket Ground 2, Oslo"
Koge Cricket Club,Denmark,Koge,55.46951272,12.1743952,"Koge Cricket Club; Koge Cricket Club, Koge; Koge Cricket Club 2; Koge Cricket Club 2, Koge"
University of Dar-es-Salaam Ground,Tanzania,Dar-es-Salaam,-6.780138544,39.20960221,"University of Dar-es-Salaam Ground; University of Dar-es-Salaam Ground, Dar-es-Salaam"
Spianada Ground,Greece,Corfu,39.62470391,19.92459625,"Marina Ground; Marina Ground, Corfu; Spianada Ground"
Sao Fernando Polo and Cricket Club,Brazil,Seropedica,-22.83366398,-43.72038448,"Sao Fernando Polo and Cricket Club; Sao Fernando Polo and Cricket Club, Seropedica; Sao Fernando Polo and Cricket Club, Campo Sede"
Gelephu International Cricket Ground,Bhutan,Gelephu,26.87894671,90.4826511,"Gelephu International Cricket Ground; Gelephu International Cricket Ground, Gelephu"
TCA Oval,Malawi,Blantyre,-15.81054669,35.00069648,"TCA Oval; TCA Oval, Blantyre"
Singapore National Cricket Ground,Singapore,Singapore,1.317872289,103.7509755,"Singapore National Cricket Ground; Singapore National Cricket Ground, Singapore"
Jinja Cricket Ground,Uganda,Jinja,0.435870227,33.20349463,"Jinja Cricket Ground; Jinja Cricket Ground, Jinja"
Sylhet Stadium,Bangladesh,Sylhet,24.92111403,91.86856397,"Sylhet Stadium; Sylhet Stadium, Sylhet"
Moshood Abiola National Stadium,Nigeria,Abuja,9.037760489,7.452497429,"Nigeria Cricket Federation Oval 1; Nigeria Cricket Federation Oval 1, Abuja; Nigeria Cricket Federation Oval 2; Nigeria Cricket Federation Oval 2, Abuja; Moshood Abiola National Stadium"
Las Caballerizas,Mexico,Mexico City,19.48092774,-99.25797166,"Las Caballerizas; Las Caballerizas, Mexico City"
St George's College Ground,Argentina,Buenos Aires,-34.72449872,-58.24384493,"St George's College Ground; St George's College Ground, Buenos Aires"
"N'Du Stadium, Noumea",New Caledonia,Noumea,-22.24069294,166.4233252,"N'Du Stadium, Noumea; N'Du Stadium, Noumea, New Caledonia; N'Du Stadium, Noumea, Noumea"
Namibia Cricket Ground,Namibia,Windhoek,-22.60576941,17.08752748,"Namibia Cricket Ground; Namibia Cricket Ground, Windhoek; High Performance Oval; High Performance Oval, Windhoek"
Estonian National Cricket and Rugby Field,Estonia,Tallinn,59.43120798,24.57975518,"Estonian National Cricket and Rugby Field; Estonian National Cricket and Rugby Field, Tallinn"
Marrara Stadium,Australia,Darwin,-12.39907569,130.8873284,"Marrara Stadium; Marrara Stadium, Darwin"
Clayton Panama,Panama,Panama City,8.951300073,-79.55085613,"Clayton Panama; Clayton Panama, Panama City"
Jimmy Powell Oval,Cayman Islands,George Town,19.3806684,-81.40214145,"Jimmy Powell Oval; Jimmy Powell Oval, Cayman Islands; Jimmy Powell Oval, George Town"
Velden Cricket Ground,Austria,Latschach,46.58221251,14.03578147,"Velden Cricket Ground; Velden Cricket Ground, Latschach"
Stars Arena Hofstade,Belgium,Zemst,50.99177901,4.486628897,"Stars Arena Hofstade; Stars Arena Hofstade, Zemst"
Ballpark Ground,Austria,Graz,47.1105581,15.39414314,"Ballpark Ground; Ballpark Ground, Graz"
Ishoj Cricket Club,Denmark,Ishoj,55.60978759,12.35084058,"Ishoj Cricket Club; Ishoj Cricket Club, Vejledalen; Ishoj Cricket Club, Ishoj"
Vassil Levski National Sports Academy,Bulgaria,Sofia,42.68847338,23.32395021,"Vassil Levski National Sports Academy; Vassil Levski National Sports Academy, Sofia"
Botkyrka Cricket Center,Sweden,Stockholm,59.24650064,17.80239097,"Botkyrka Cricket Center; Botkyrka Cricket Center, Stockholm"
Stubberudmyra Cricket Ground,Norway,Oslo,59.93235888,10.86489778,"Stubberudmyra Cricket Ground; Stubberudmyra Cricket Ground, Oslo"
Albertslund Cricket Club,Denmark,Copenhagen,55.6743772,12.33187421,"Albertslund Cricket Club; Albertslund Cricket Club, Copenhagen"
Albert Park 1,Fiji,Suva,-18.14739295,178.4250507,"Albert Park 1; Albert Park 1, Suva; Albert Park 2; Albert Park 2, Suva"
New Farnley CC,United Kingdom,Leeds,53.78372781,-1.623562919,"New Farnley CC; New Farnley CC, Leeds"
Malkerns Country Club oval,Eswatini,Malkerns,-26.52175618,31.19321545,"Malkerns Country Club oval; Malkerns Country Club oval, Malkerns"
Bir Sreshtho Flight Lieutenant Matiur Rahman Stadium,Bangladesh,Chattogram,22.35600949,91.76773258,"Bir Sreshtho Flight Lieutenant Matiur Rahman Stadium; Bir Sreshtho Flight Lieutenant Matiur Rahman Stadium, Chattogram; Bir Sreshtho Flight Lieutenant Matiur Rahman Stadium, Chittagong"
Moses Mabhida Stadium,South Africa,Durban,-29.8290201,31.03137409,"Moses Mabhida Stadium; Moses Mabhida Stadium, Durban"
Accor Stadium,Australia,Sydney,-33.84692845,151.063435,"Stadium Australia; Stadium Australia, Sydney; Accor Stadium"
Arundel Castle Cricket Club Ground,United Kingdom,,50.85861509,-0.557410888,Arundel Castle Cricket Club Ground
Maharashtra Cricket Association Stadium,India,Pune,18.67475804,73.70650537,"Subrata Roy Sahara Stadium; Subrata Roy Sahara Stadium, Pune; Maharashtra Cricket Association Stadium"
Guanggong International Cricket Stadium,China,,23.03973082,113.3861901,Guanggong International Cricket Stadium
Kerrydale Oval,Australia,Gold Coast,-28.0754674,153.3886916,"Kerrydale Oval; Kerrydale Oval, Gold Coast"
Mercantile Cricket Association Ground,Sri Lanka,Colombo,6.907915485,79.87048124,"Mercantile Cricket Association Ground; Mercantile Cricket Association Ground, Colombo"
Asgiriya Stadium,Sri Lanka,Kandy,7.29997975,80.6341567,"Asgiriya Stadium; Asgiriya Stadium, Kandy"
Bankstown Oval,Australia,Sydney,-33.92207765,151.0321574,"Bankstown Oval; Bankstown Oval, Sydney"
